case;algorithm;t1;t2;t3;t4;t5;size
lib_matplotlib_projections_polar.py;SimpleId;19021238;21941257;29818614;37069335;85435830;1
lib_matplotlib_axes__axes.py;SimpleId;43052161;46136121;130313357;134090373;202078097;12
pandas_io_sas_sas_xport.py;SimpleId;2647254;2805501;2988699;3492156;4805545;5
pandas_core_series.py;SimpleId;10219033;10375764;24337151;26847763;36766692;14
lib_ansible_modules_packaging_os_redhat_subscription.py;SimpleId;5234664;5321474;5493822;5580555;7672851;20
pandas_core_groupby_generic.py;SimpleId;9355962;9410969;9986432;15036767;15131180;1
pandas_core_reshape_util.py;SimpleId;403278;410357;411368;531281;653915;20
lib_matplotlib_collections.py;SimpleId;6221259;6356211;6535159;6577512;10453504;10
blib2to3_pgen2_driver.py;SimpleId;1088799;1092885;1145391;1183195;1874113;4
keras_layers_recurrent.py;SimpleId;22506704;23032275;23512389;29171144;48246191;38
pandas_core_frame.py;SimpleId;48706651;49558652;50404568;52490895;57815425;4
pandas_core_groupby_groupby.py;SimpleId;13327838;14852864;15311842;15316418;18919361;16
pandas_core_indexes_timedeltas.py;SimpleId;3168014;3188822;3696968;4099025;4496953;27
tornado_web.py;SimpleId;13577513;13656487;14081353;14553182;22091374;6
test_units_module_utils_common_validation_test_check_mutually_exclusive.py;SimpleId;172680;198327;262080;326681;635104;8
thefuck_rules_php_s.py;SimpleId;48587;51062;68556;219930;245777;2
maint_test_appengine_py27_tornado_ioloop.py;SimpleId;2975440;3118745;3253216;3814006;6112099;10
youtube_dl_utils.py;SimpleId;8578860;9073248;10265746;11646114;14498597;1
maint_test_appengine_py27_tornado_web.py;SimpleId;20776090;21327322;25365943;26463005;30445300;6
pandas_tests_arithmetic_conftest.py;SimpleId;389191;414940;449985;453514;1038592;1
pandas_core_generic.py;SimpleId;84073746;88054043;90339944;95168577;102270095;7
pandas_core_indexes_multi.py;SimpleId;13361112;13650973;14382365;18355826;18942603;1
lib_matplotlib_projections_polar.py;SimpleId;6282541;6500489;8737368;10210670;11605861;1
keras_engine_training_generator.py;SimpleId;6489473;7007193;9150250;10218749;11873116;34
maint_test_appengine_py27_tornado_gen.py;SimpleId;2401451;2723517;2995630;3007513;5655667;1
black.py;SimpleId;22481357;22936709;24879540;28140498;41982576;32
pandas_tests_indexes_datetimes_test_indexing.py;SimpleId;4257642;4429179;4490663;5096124;7377048;10
pandas_io_common.py;SimpleId;1187149;1251124;1349612;1561085;2544491;8
pandas_conftest.py;SimpleId;1401430;1435293;1620895;1695313;3288061;1
keras_engine_sequential.py;SimpleId;1809041;1817742;1948319;2088064;2515916;2
luigi_scheduler.py;SimpleId;9232526;10021301;12733618;13034504;14846587;9
thefuck_rules_fix_file.py;SimpleId;249152;249428;261997;335100;559719;45
youtube_dl_extractor_drtv.py;SimpleId;457167;475820;531404;730815;896672;24
spacy_language.py;SimpleId;11385847;11442255;15852479;17603202;20794248;2
scrapy_downloadermiddlewares_redirect.py;SimpleId;492247;507230;516020;640068;1028638;8
pandas_tests_arithmetic_test_timedelta64.py;SimpleId;7719098;8034612;8641797;8857118;14985524;1
scrapy_downloadermiddlewares_httpproxy.py;SimpleId;392987;415461;448264;469783;642191;6
pandas_core_indexes_category.py;SimpleId;4707883;4919304;5104354;6709872;9735424;1
luigi_execution_summary.py;SimpleId;2696133;3041096;3064773;3945707;4038830;18
bin_wiki_entity_linking_wikipedia_processor.py;SimpleId;1614296;1837777;2180803;5615707;8123031;5
pandas_core_series.py;SimpleId;31385665;31479861;36991286;37336385;48579114;2
pandas_core_dtypes_missing.py;SimpleId;1848300;1912820;2031538;2212926;2938340;70
youtube_dl_utils.py;SimpleId;10011376;11487949;11635592;12402602;17474640;10
tornado_http1connection.py;SimpleId;5580473;6722557;7953460;8958735;10825620;4
pandas_core_ops___init__.py;SimpleId;3473430;3669780;4025530;4811210;7379198;4
thefuck_rules_open.py;SimpleId;41617;46114;47745;60718;164171;11
thefuck_rules_pip_unknown_command.py;SimpleId;137539;162584;169761;282563;331311;2
keras_utils_data_utils.py;SimpleId;1571170;1624199;1679054;2026212;3416116;6
lib_ansible_galaxy_api.py;SimpleId;6404242;6781174;7704967;8779037;9915000;13
tests_keras_utils_data_utils_test.py;SimpleId;1688114;2237492;2896645;2996601;3179629;3
pandas_tests_resample_test_timedelta.py;SimpleId;513481;521019;573764;691886;1181059;2
luigi_task.py;SimpleId;3046806;3277110;3446881;4138626;6248345;2
youtube_dl_utils.py;SimpleId;4288664;4386867;4473945;6009641;11315743;2
thefuck_types.py;SimpleId;373688;406532;432964;438333;768319;5
lib_matplotlib_axis.py;SimpleId;29641851;33138413;33392018;35750373;38885430;9
youtube_dl_utils.py;SimpleId;15573155;17022824;18551388;18669073;31173812;8
youtube_dl_utils.py;SimpleId;8866869;9681970;9710964;10389959;17933275;2
pandas_core_resample.py;SimpleId;3464843;3541783;3570254;3657767;10085073;1
pandas_core_indexes_period.py;SimpleId;8441976;8919174;9053502;9718177;15216351;14
scrapy_extensions_feedexport.py;SimpleId;1111249;1123034;1177391;1250743;2324475;5
pandas_core_internals_managers.py;SimpleId;23189344;23646669;27034674;27662411;33601976;3
scrapy_http_cookies.py;SimpleId;486813;487839;522267;783179;1144993;5
tornado_ioloop.py;SimpleId;2934573;3646036;3704769;3979507;5827661;10
scrapy_pipelines_media.py;SimpleId;1358336;1360208;1442140;1498125;2286767;11
black.py;SimpleId;8493288;8837309;9726458;10056763;13609658;3
fastapi_openapi_models.py;SimpleId;1846602;1985378;2233256;2879967;2987974;7
pandas_core_arrays_categorical.py;SimpleId;13848541;18053833;19453893;21462248;21748549;1
keras_engine_training_generator.py;SimpleId;2956149;3076131;3242961;3688538;3802367;2
pandas_tests_indexes_multi_test_join.py;SimpleId;358571;365266;380987;466083;1504991;1
pandas_core_indexes_base.py;SimpleId;49751837;74082691;74270418;77897960;100154461;14
thefuck_shells_fish.py;SimpleId;115627;125774;145551;200224;486450;0
keras_engine_training.py;SimpleId;56756790;57837046;63856759;69032811;82157355;4
pandas_core_indexes_period.py;SimpleId;6475594;7981650;8185543;8496820;9189760;2
pandas_core_reshape_concat.py;SimpleId;2288719;2311308;2371499;2511950;4606996;3
pandas_core_reshape_merge.py;SimpleId;11691740;12417729;14962368;16160112;31075878;3
pandas_core_indexes_base.py;SimpleId;58852813;60029545;60954185;67635625;71066073;1
sanic_server.py;SimpleId;2277879;2699059;4161701;4381850;7616241;2
pandas_tests_groupby_test_categorical.py;SimpleId;8333280;9156241;10459295;10728618;15772188;0
lib_ansible_utils_version.py;SimpleId;1044637;1049532;1050291;1111497;1774314;20
scrapy_utils_testproc.py;SimpleId;167769;172705;182742;221533;427755;2
pandas_core_indexes_base.py;SimpleId;43051205;44710978;45160617;49069380;52155282;5
tests_utils.py;SimpleId;762624;768541;776913;977857;1910062;1
lib_ansible_modules_system_pamd.py;SimpleId;3968547;4734005;4848756;5070681;7199182;6
fastapi_encoders.py;SimpleId;545549;585499;759833;872212;1627005;38
pandas_core_groupby_grouper.py;SimpleId;2936247;3133705;3323779;3675557;6383158;3
pandas_core_indexing.py;SimpleId;8156139;8600065;9047164;10947579;16265222;1
pandas_core_sparse_frame.py;SimpleId;8518460;11897902;12838074;13437092;13900980;15
thefuck_shells_bash.py;SimpleId;214432;224647;227702;243901;423694;4
lib_matplotlib_colors.py;SimpleId;7848240;9359170;9727151;12982224;15879364;9
pandas_core_arrays_datetimelike.py;SimpleId;98294343;100598744;103816527;146913430;151260172;2730
thefuck_rules_git_add.py;SimpleId;101991;106735;116260;141142;237107;5
fastapi_routing.py;SimpleId;4215149;5884139;6150431;6161127;9909624;40
pandas_core_reshape_pivot.py;SimpleId;1935238;2000123;2078436;2201420;4316453;3
pandas_core_generic.py;SimpleId;87162050;87782457;87791608;92146328;101114142;24
thefuck_rules_ls_lah.py;SimpleId;33103;36013;37602;44183;109755;7
fastapi_dependencies_utils.py;SimpleId;2806332;2890576;2967687;2972334;8265808;4
keras_preprocessing_sequence.py;SimpleId;1781036;1785672;1788460;1982466;2337333;11
fastapi_applications.py;SimpleId;57436062;58041998;59375048;62508221;66471439;100
fastapi_openapi_utils.py;SimpleId;2140328;2199681;2317481;2406293;4740531;2
pandas_core_ops_dispatch.py;SimpleId;97453;121995;124329;126917;262241;4
cookiecutter_hooks.py;SimpleId;214581;229125;236392;304620;529629;12
pandas_core_dtypes_missing.py;SimpleId;876756;889108;898693;946172;1941956;5
youtube_dl_utils.py;SimpleId;17819186;19419189;19888315;20422147;30785308;1
youtube_dl_utils.py;SimpleId;10880988;10897088;10915421;11043586;18057897;15
maint_test_appengine_py27_tornado_http1connection.py;SimpleId;3769296;4862870;5131454;5292957;12730984;3
lib_ansible_plugins_shell_powershell.py;SimpleId;1470062;1487171;1534693;1714806;2327201;45
pandas_core_window_common.py;SimpleId;969491;1104274;1134857;1275703;2049967;2
pandas_core_frame.py;SimpleId;70592282;71800721;72241022;72849112;83710038;1
pandas_core_arrays_datetimelike.py;SimpleId;12048776;12249750;19302888;19361350;21166132;5
tornado_ioloop.py;SimpleId;2586478;2598242;2715952;2772854;6326542;2
black.py;SimpleId;14380670;14419678;14708748;14981119;24243725;9
pandas_core_groupby_groupby.py;SimpleId;11084726;11185654;11345344;11445260;17250530;4
pandas_core_indexes_multi.py;SimpleId;49680823;50213821;51108913;51950973;60923188;2
keras_backend_theano_backend.py;SimpleId;12287027;12865980;14252772;14428867;23636208;6
youtube_dl_downloader_f4m.py;SimpleId;1234112;1272800;1347499;1493579;2357273;7
pandas_tests_indexes_period_test_period.py;SimpleId;7094424;7185330;8092396;8158710;15759497;4
pandas_core_indexes_base.py;SimpleId;65318545;65411767;66873335;72513625;77169860;4
pandas_core_arrays_categorical.py;SimpleId;19224662;20756131;21987901;22120036;22781119;4
pandas_core_groupby_ops.py;SimpleId;5260922;5317249;5701823;6420862;12638619;2
pandas_core_indexes_datetimelike.py;SimpleId;5177074;6035647;7077960;7193926;12244454;8
pandas_io_json__json.py;SimpleId;3250655;3389144;3519312;4145219;7994451;2
pandas_core_internals_managers.py;SimpleId;10273720;11772559;13160576;13808993;18747470;2
pandas_core_indexes_base.py;SimpleId;42481054;44996866;47135150;48091233;54970180;5
thefuck_rules_dirty_unzip.py;SimpleId;143515;150834;156700;167791;294803;8
pandas_core_ops_missing.py;SimpleId;545415;564461;571836;574340;934586;58
lib_matplotlib__constrained_layout.py;SimpleId;2649968;2719137;2720444;3115810;5303757;4
spacy_language.py;SimpleId;8798185;10977033;12051370;14736260;22299141;7
pandas_core_frame.py;SimpleId;21803681;23967244;27593856;31193153;38128258;8
tqdm__tqdm.py;SimpleId;3844822;3907881;4143405;4279321;6451017;7
youtube_dl_utils.py;SimpleId;10943036;11430311;11918637;12006944;17966029;4
keras_engine_training.py;SimpleId;31966167;33777703;33806702;44620887;69046730;26
pandas_tests_series_test_analytics.py;SimpleId;2049381;2060710;2101820;3215593;4579716;3
luigi_util.py;SimpleId;464029;477755;482862;556796;1065144;33
tornado_platform_asyncio.py;SimpleId;985004;1006053;1075721;1112743;1637274;2
youtube_dl_utils.py;SimpleId;11147808;11305854;11415659;11700789;18216242;5
keras_wrappers_scikit_learn.py;SimpleId;587615;614453;708013;800168;1490416;4
tornado_gen.py;SimpleId;1884831;1915823;2077124;2529907;5488742;1
pandas_core_dtypes_cast.py;SimpleId;3648498;3805712;4698204;6181020;8534521;2
youtube_dl_utils.py;SimpleId;13875597;15530161;15569831;16096819;22765532;22
tqdm__tqdm.py;SimpleId;6741710;7366817;7538371;8510165;15169247;2
pysnooper_tracer.py;SimpleId;3220080;3253738;3259663;3592066;4371328;21
lib_ansible_galaxy_collection.py;SimpleId;6254853;6267149;6778578;8112387;12278412;12
youtube_dl_utils.py;SimpleId;11889402;11953910;12541976;13455603;23425552;3
fastapi_exception_handlers.py;SimpleId;81252;92843;102354;119775;258630;6
scrapy_pipelines_images.py;SimpleId;1360233;1386471;1520302;1612351;2552801;1
pandas_core_indexes_base.py;SimpleId;60974054;62432540;66750401;74825713;77669291;9
tornado_http1connection.py;SimpleId;4734655;4829959;4934794;5104537;6090463;4
lib_matplotlib_path.py;SimpleId;4809673;4874033;5031678;5522389;10453104;5
thefuck_rules_dnf_no_such_command.py;SimpleId;96096;102860;111881;131224;266090;3
lib_matplotlib_colorbar.py;SimpleId;11991967;12330428;15882454;17184059;17510362;2
pandas_core_reshape_pivot.py;SimpleId;2708782;2742072;2813210;3137867;4832142;38
lib_matplotlib_axis.py;SimpleId;13237728;15452009;15851987;16106234;21592006;4
spacy_util.py;SimpleId;2930500;3195806;3234819;3956178;4925769;1
keras_models.py;SimpleId;5872027;5950332;6861619;7677200;10831004;6
thefuck_rules_vagrant_up.py;SimpleId;51185;51467;56114;69841;152540;13
lib_matplotlib_axes__base.py;SimpleId;58723541;58749184;58900936;60208195;70864557;4
pandas_core_indexes_base.py;SimpleId;30476723;34134379;34822503;70547052;122644721;2
keras_backend_tensorflow_backend.py;SimpleId;14086055;15990097;17764459;17881562;25012265;13
tornado_web.py;SimpleId;21707943;22311994;25097690;26436860;34896892;6
blib2to3_pgen2_tokenize.py;SimpleId;4371586;4719652;4840816;4891182;10234596;8
pandas_core_groupby_generic.py;SimpleId;13142559;15840210;17129336;17264108;23052196;12
pandas_core_generic.py;SimpleId;86880087;87866400;88451045;95077583;102498001;5
maint_test_appengine_py27_tornado_ioloop.py;SimpleId;3294883;3459289;3833644;3969360;5250670;3
pandas_tseries_holiday.py;SimpleId;1169837;1392448;1681455;1929764;2346450;1
youtube_dl_utils.py;SimpleId;4959123;5358375;5433820;5773405;7410677;1
luigi_scheduler.py;SimpleId;7412002;8008662;9914389;10015841;13983965;4
lib_matplotlib_axes__base.py;SimpleId;44604596;64500848;64657450;71427123;74514956;4
lib_matplotlib_axes__axes.py;SimpleId;109173273;110770355;111054532;119431275;126221173;1
keras_backend_tensorflow_backend.py;SimpleId;8682988;8857552;9738081;10191893;17084045;25
tornado_http1connection.py;SimpleId;4733526;5157371;5696277;5822445;10692468;3
maint_test_appengine_py27_tornado_test_runtests.py;SimpleId;362682;363730;379350;427591;1039613;2
pandas_core_reshape_merge.py;SimpleId;7984649;10191547;10229226;10252621;14775409;36
lib_matplotlib_axes__axes.py;SimpleId;45634165;47378124;51162154;52602856;128872640;4
thefuck_rules_man.py;SimpleId;86622;86625;103811;107858;231184;10
pandas_core_indexing.py;SimpleId;9073240;9495581;9885426;10083781;11949326;4
luigi_scheduler.py;SimpleId;7216321;7466925;8626612;8975116;13781508;8
lib_matplotlib_markers.py;SimpleId;8154443;8564039;13415345;15412896;16848630;1
pandas_core_generic.py;SimpleId;105016427;107143971;111069610;111733509;123654817;2
thefuck_types.py;SimpleId;61853;63976;71367;84093;182972;13
spacy_errors.py;SimpleId;1653427;1671162;1766499;1962152;2895237;1
thefuck_rules_git_branch_exists.py;SimpleId;126129;133743;142103;161129;309877;3
test_units_module_utils_facts_hardware_linux_data.py;SimpleId;1497999;1527233;1542091;1811054;2495176;4
pandas_core_reshape_pivot.py;SimpleId;2429674;2486957;2563125;4085110;4382091;1
pandas_tests_extension_base_ops.py;SimpleId;413115;419708;432542;455245;1042102;1
pandas_core_reshape_tile.py;SimpleId;764299;810720;814784;991219;1791192;5
fastapi_routing.py;SimpleId;6123926;6373000;7025876;8970348;13274695;3
pandas_core_arrays_integer.py;SimpleId;4617889;4922008;5018206;5427466;8167474;7
pysnooper_pysnooper.py;SimpleId;132859;137297;171313;193616;313559;1
blib2to3_pgen2_tokenize.py;SimpleId;6057985;6108119;6177939;7132012;9400568;6
pandas_core_arrays_numpy_.py;SimpleId;2638753;2657822;2690789;2708280;4303063;24
maint_test_appengine_py27_tornado_websocket.py;SimpleId;3851793;3900047;4864848;5642137;9859460;2
youtube_dl_extractor_facebook.py;SimpleId;1050988;1078702;1114125;1241934;1509099;26
pandas_core_indexes_range.py;SimpleId;6009285;6141593;7536410;9655086;11453877;22
youtube_dl_extractor_facebook.py;SimpleId;440159;472150;499994;555895;879800;1
youtube_dl_utils.py;SimpleId;3499998;3540930;3840304;3975683;14503595;24
fastapi_utils.py;SimpleId;657835;713045;729950;875692;1434509;2
thefuck_rules_git_fix_stash.py;SimpleId;73186;77012;87091;101931;210689;13
thefuck_utils.py;SimpleId;584069;599142;638756;694448;1548164;5
pandas_core_arrays_interval.py;SimpleId;6814929;7053423;7227205;11302131;15280339;3
pandas_core_internals_blocks.py;SimpleId;15168156;15621677;15737263;16787285;24110772;5
pandas_tests_extension_test_numpy.py;SimpleId;773096;774415;809312;1010365;2439875;1
tornado_websocket.py;SimpleId;10326338;11876523;14104362;14583545;18372781;14
scrapy_item.py;SimpleId;304818;305656;325762;390547;619326;9
luigi_task_register.py;SimpleId;210129;213514;217980;258165;730677;2
maint_test_appengine_py27_tornado_auth.py;SimpleId;3691779;4205933;4230711;4533969;7626131;16
youtube_dl_utils.py;SimpleId;7722744;9258364;9978418;10074592;14311888;2
pandas__testing.py;SimpleId;9911918;10097782;10821581;11234600;15196196;5
pandas_core_tools_datetimes.py;SimpleId;2822546;3164161;3197802;3776946;4217066;5
youtube_dl_utils.py;SimpleId;4374263;4384090;4613813;6567503;9330456;1
pandas_core_arrays_datetimes.py;SimpleId;7358930;7481540;12814067;14650308;15179451;18
pandas_tests_series_test_arithmetic.py;SimpleId;5358494;7131179;7483909;7497729;8598741;1
pandas_core_series.py;SimpleId;25949922;25960034;26257593;26505282;32458233;12
pandas_core_arrays_masked.py;SimpleId;687094;690616;699316;748085;1376238;1
cookiecutter_generate.py;SimpleId;691204;696912;707311;776086;1531001;2
youtube_dl_extractor_youtube.py;SimpleId;38576295;41918588;43535983;51161454;55209959;7
pandas_core_arrays_categorical.py;SimpleId;8276066;8307579;8449654;9865794;20705632;4
pandas_core_series.py;SimpleId;34294836;38531473;41095427;45095774;46720153;14
keras_utils_np_utils.py;SimpleId;96057;108995;113825;121976;236685;1
pandas_tests_indexes_period_test_tools.py;SimpleId;2709834;2845171;2951461;3729666;7177158;4
pandas_core_groupby_grouper.py;SimpleId;3088486;3250389;3381913;3464223;5809727;2
pandas_core_indexes_period.py;SimpleId;6662308;7538699;7839274;7860740;8196115;24
scrapy_core_downloader_handlers_http11.py;SimpleId;1184764;1195992;1264713;1303064;2436211;39
lib_matplotlib_figure.py;SimpleId;7114612;7624389;7835693;12633695;20726142;7
youtube_dl_utils.py;SimpleId;8027646;8556331;9675203;10174959;16864973;1
youtube_dl_jsinterp.py;SimpleId;2317024;2433334;2505683;2709252;3874797;5
keras_callbacks.py;SimpleId;6758470;6842617;7015288;7762490;13439298;59
pandas_core_ops_methods.py;SimpleId;677695;714992;753361;863344;1421996;1
youtube_dl_extractor_arte.py;SimpleId;1469519;1477413;1585938;1680874;2624072;10
scrapy_spiders___init__.py;SimpleId;536359;603594;603667;1133142;1658666;4
pandas_core_internals_blocks.py;SimpleId;15258717;16780602;17114328;17503742;26625158;4
black.py;SimpleId;21441614;21471643;21593404;21886640;33591265;20
tornado_test_runtests.py;SimpleId;379301;397296;448957;514353;829366;2
pandas_core_ops___init__.py;SimpleId;2899307;2899630;2913855;3128184;6283181;6
tests_test_multiprocessing.py;SimpleId;2592667;2740440;2815678;2949159;5672576;3
pandas_core_tools_datetimes.py;SimpleId;2432683;2441303;2654773;3409195;5810935;2
httpie_core.py;SimpleId;356274;369128;394271;414004;1193159;0
keras_callbacks.py;SimpleId;6561467;6809783;9132526;9428389;11207666;5
youtube_dl_utils.py;SimpleId;15723568;16830840;17676403;18534890;32674147;9
tests_function.py;SimpleId;744143;765835;810010;850423;1335853;8
httpie_sessions.py;SimpleId;516275;524435;534913;570371;1000736;1
pandas_core_groupby_groupby.py;SimpleId;11460227;14356018;14844613;16740093;25916567;56
luigi_contrib_hdfs_clients.py;SimpleId;265820;282114;282332;339267;439414;43
httpie_client.py;SimpleId;268864;273951;298780;324545;730862;1
black.py;SimpleId;12830861;19202445;20827100;27720462;32459984;108
pandas_core_algorithms.py;SimpleId;7780970;7947997;8336041;8892121;13469599;4
lib_ansible_module_utils_facts_system_distribution.py;SimpleId;3699705;3844823;4732983;4809070;6042292;3
pandas_core_internals_blocks.py;SimpleId;25312485;26006749;27083289;36428229;37437482;8
keras_layers_recurrent.py;SimpleId;14619894;14741895;14936310;15523287;22777432;2
scrapy_exporters.py;SimpleId;975206;993000;1018237;1027852;2615559;2
pandas_core_strings.py;SimpleId;14144171;15262736;19809199;22615358;24679871;1
luigi_task_register.py;SimpleId;576773;593099;619226;621817;984216;1
youtube_dl_utils.py;SimpleId;5740591;7225246;7244691;7564144;11684210;9
black.py;SimpleId;13452235;13607828;15013951;15239102;23913345;4
pandas_tests_indexing_test_coercion.py;SimpleId;4744394;10178260;11579691;13290244;14225023;3
pandas_core_indexes_numeric.py;SimpleId;1716025;1750698;2019159;2065796;3537815;10
tornado_websocket.py;SimpleId;3791520;3914994;4327127;6164221;7736750;2
thefuck_types.py;SimpleId;730319;737992;741171;810333;1681731;1
fastapi_openapi_utils.py;SimpleId;1093182;1107104;1113561;1146737;2209108;2
keras_preprocessing_image.py;SimpleId;12732524;13158543;14889720;16198297;17609283;12
pandas_core_generic.py;SimpleId;30275759;30977303;31031242;60864375;99170345;4
docs_autogen.py;SimpleId;1292051;1324586;1378701;1509741;3023436;3
tqdm_contrib___init__.py;SimpleId;172060;180890;196116;288325;418620;6
pandas_tests_arithmetic_test_period.py;SimpleId;13213497;13480112;13565966;13751072;21022027;1
keras_layers_recurrent.py;SimpleId;11062456;11563669;13646306;14773921;20808541;2
cookiecutter_hooks.py;SimpleId;290566;310808;312154;314154;598590;20
tests_test_skip_defaults.py;SimpleId;82188;92477;134508;166335;264916;13
pandas_core_internals_construction.py;SimpleId;1850677;2024669;2045558;2053746;4764478;15
fastapi_security_http.py;SimpleId;455929;509759;512804;525577;969463;5
pandas_io_parquet.py;SimpleId;537966;563469;568421;598983;1219798;5
black.py;SimpleId;21484047;21538773;21560003;21812293;33481276;4
pandas_io_json__json.py;SimpleId;4398376;5870177;5943245;6024493;6429599;2
tornado_httputil.py;SimpleId;1675796;1832092;1920596;1925149;4011736;1
tutorials_colors_colormapnorms.py;SimpleId;877728;894839;981740;1017388;1729462;2
spacy_errors.py;SimpleId;792157;800786;839214;865160;1982964;1
black.py;SimpleId;10538457;10587030;12960889;13624679;17364809;88
fastapi_encoders.py;SimpleId;2008522;2045463;2078929;2195386;2912971;31
keras_metrics.py;SimpleId;277255;290836;290963;367067;725847;3
pandas_core_arrays_categorical.py;SimpleId;19373583;24494141;24882418;26241508;26678597;4
lib_matplotlib_axes__axes.py;SimpleId;43218615;43723162;45392250;45523854;94634500;6
pandas_core_arrays_datetimelike.py;SimpleId;88789587;90314657;96152805;104841418;128840949;2739
black.py;SimpleId;23345478;23483531;24319326;24586527;37996495;0
pandas_core_resample.py;SimpleId;6090912;6255221;6287091;6331740;12243282;2
luigi_scheduler.py;SimpleId;4685763;4765868;4968344;9497642;13839371;6
luigi_scheduler.py;SimpleId;5728810;5861538;6143320;7324306;12344616;3
maint_test_appengine_py27_tornado_httputil.py;SimpleId;1909689;2237704;2409674;2439789;4340254;1
tornado_ioloop.py;SimpleId;3241565;3370842;5471610;5975410;6075657;1
pandas_core_groupby_groupby.py;SimpleId;11144030;11338224;13098427;14737683;20098147;1
pandas_core_window_rolling.py;SimpleId;5843775;7042514;7689028;8097557;11108886;2
pandas_core_frame.py;SimpleId;48290124;48606361;48645849;49034438;57730774;6
keras_layers_recurrent.py;SimpleId;11880330;12629542;13530770;14747868;19669965;19
youtube_dl_extractor_minhateca.py;SimpleId;291123;311928;317026;320658;503048;4
pandas_core_dtypes_missing.py;SimpleId;733097;756135;761104;768341;1735863;2
keras_metrics.py;SimpleId;258003;265918;274983;300269;642825;3
scrapy_spiders_sitemap.py;SimpleId;507512;589774;602971;684200;901446;1
scrapy_item.py;SimpleId;287743;293678;303107;318323;610717;2
pandas_core_indexes_base.py;SimpleId;24047238;24210792;25641373;25745046;31307043;19
sanic_app.py;SimpleId;7270450;7590874;9792268;10586982;15590767;5
pandas_core_indexes_timedeltas.py;SimpleId;1023019;1045986;1208344;1345808;1763123;3
fastapi_dependencies_utils.py;SimpleId;2043542;2097688;2126371;2260913;4575160;4
youtube_dl_utils.py;SimpleId;6895373;7009845;7556467;9612999;14690775;1
fastapi_routing.py;SimpleId;3302712;3624279;3732401;4704249;8356443;1
pandas_tests_extension_base___init__.py;SimpleId;17571;18302;19990;26282;83943;3
pandas_core_indexing.py;SimpleId;6616725;7036935;8829152;9497104;13121180;4
youtube_dl_utils.py;SimpleId;18224639;18470834;18608010;22785828;28359635;1
httpie_models.py;SimpleId;481966;484747;541809;575420;874236;2
keras_backend_cntk_backend.py;SimpleId;16142286;16363836;16819606;17156971;26823327;5
lib_matplotlib_projections_polar.py;SimpleId;3650553;3655697;3787870;5153230;7846675;1
pandas_core_dtypes_missing.py;SimpleId;950652;977095;984591;1015224;2040505;5
httpie_downloads.py;SimpleId;834877;856128;858020;866210;2047340;10
pandas_core_arrays_integer.py;SimpleId;3239980;3998403;4183436;4474890;6689430;4
scrapy_utils_url.py;SimpleId;464001;498562;591870;601544;1030944;10
luigi_contrib_redshift.py;SimpleId;2098272;2149396;2211521;2614993;3790806;3
httpie_cli.py;SimpleId;852398;888027;895425;1041692;1751490;27
lib_ansible_playbook_collectionsearch.py;SimpleId;103477;108580;118733;136998;260433;9
tests_data_python37.py;SimpleId;56576;59606;68511;91919;175180;4
pandas_tests_reshape_test_util.py;SimpleId;293806;303496;359999;361263;606346;2
pandas_core_indexing.py;SimpleId;7447194;7743272;8694410;10048058;15723131;12
luigi_parameter.py;SimpleId;2015966;2114442;2129984;2143894;5063806;6
tqdm__main.py;SimpleId;404489;416712;429631;581921;1121387;1
pandas_core_indexes_datetimelike.py;SimpleId;5011610;5061246;5201617;8591339;9010984;7
keras_utils_data_utils.py;SimpleId;3176175;3517063;3561871;4846437;5517095;44
tornado_web.py;SimpleId;15541768;15548309;16356057;17222001;24408937;4
keras_backend_tensorflow_backend.py;SimpleId;16818381;17082571;17410278;18465854;27761976;11
pandas_core_groupby_grouper.py;SimpleId;2445220;2461534;2485402;2787392;4527588;4
cookiecutter_prompt.py;SimpleId;367319;425718;444526;467339;912822;2
tornado_websocket.py;SimpleId;6263148;7162908;7977709;8231230;9062456;6
pandas_tests_extension_json_test_json.py;SimpleId;634237;641576;650701;674084;1751482;1
pandas_core_frame.py;SimpleId;88920717;90538935;90765405;91307999;104431165;2
pandas_core_reshape_pivot.py;SimpleId;2545016;2678720;2813066;3111604;5072038;4
pandas_core_arrays_datetimelike.py;SimpleId;83193272;84752113;88674332;90405321;102473657;2622
pandas_core_indexes_base.py;SimpleId;63075275;63860698;64161326;68380498;74995705;7
pandas_core_indexes_category.py;SimpleId;5545431;5699232;5847901;6230001;8513856;7
lib_matplotlib_colors.py;SimpleId;4808675;11320171;11650914;11901672;14643492;5
youtube_dl_utils.py;SimpleId;6463842;6842169;7375363;7772657;9967028;1
lib_matplotlib_axis.py;SimpleId;13714739;13945286;15116224;15273851;23768170;4
thefuck_rules_git_diff_staged.py;SimpleId;32449;35633;45054;59399;140422;7
youtube_dl_utils.py;SimpleId;16134826;16203942;16204397;16263049;26086407;5
tqdm_std.py;SimpleId;7595201;7826206;7826379;10699239;18098632;16
fastapi_routing.py;SimpleId;68961357;70329357;71936051;72551763;76677851;156
pandas_core_groupby_generic.py;SimpleId;18074545;19541309;22094002;23746695;25442880;2
tests_test_downloadermiddleware_retry.py;SimpleId;1260305;1262761;1284040;1317916;1703757;4
black.py;SimpleId;25881870;26756719;27076534;27212459;50801200;184
thefuck_utils.py;SimpleId;863562;863674;886869;887220;1885206;2
luigi_parameter.py;SimpleId;1769871;1777783;2107793;2151729;3045739;16
youtube_dl_postprocessor_ffmpeg.py;SimpleId;2627949;3377907;5140127;5182881;6656830;4
pandas_tests_frame_test_operators.py;SimpleId;5232621;7645214;8175680;11115029;11510801;1
pandas_core_groupby_generic.py;SimpleId;13544496;13761740;14314694;14679184;20154544;45
luigi_contrib_redshift.py;SimpleId;1394970;1467225;1507116;2098754;2579435;2
keras_layers_recurrent.py;SimpleId;12006529;12489413;12751557;12976916;20002380;63
pandas_io_pickle.py;SimpleId;413949;420813;431433;441964;656119;35
keras_utils_generic_utils.py;SimpleId;2308354;2357601;2408970;2427117;3565841;4
pandas_core_indexes_datetimes.py;SimpleId;4853244;4930755;5225985;6216953;8086241;4
pandas_core_arrays_period.py;SimpleId;2607666;2637812;2675841;2986425;5979967;3
pandas_core_arrays_interval.py;SimpleId;7893039;8222367;8354015;9769723;11925134;5
keras_utils_data_utils.py;SimpleId;1050270;1078425;1510885;1517836;2631880;1
tornado_auth.py;SimpleId;2431130;2665292;2854054;2954940;6118182;16
pandas_core_generic.py;SimpleId;30961777;31068198;31465917;56963919;107419339;1
keras_engine_training_utils.py;SimpleId;1345543;1434984;1448147;1547590;2981388;4
keras_preprocessing_text.py;SimpleId;757427;764673;771548;1082552;1550679;11
lib_ansible_modules_network_ios_ios_banner.py;SimpleId;623983;626243;650966;669537;994269;50
lib_matplotlib_pyplot.py;SimpleId;9200711;9263125;9395858;9716533;16174978;2
youtube_dl_utils.py;SimpleId;11161785;20951129;21066997;24584577;34374004;1
pandas_core_frame.py;SimpleId;255785516;256255565;257677110;266532632;286571874;16
thefuck_rules_git_push_force.py;SimpleId;38347;39605;43213;52131;205337;1
tests_test_multiprocessing.py;SimpleId;5077258;6199801;6261364;6875157;7899439;13
thefuck_rules_mkdir_p.py;SimpleId;37696;46251;50514;56795;126846;1
lib_ansible_cli_galaxy.py;SimpleId;20998724;53638830;123462796;128071350;129021565;9
pandas_core_arrays_categorical.py;SimpleId;69602757;72789644;74213762;84965289;85369704;3
examples_information_extraction_entity_relations.py;SimpleId;680471;747873;805812;1263269;2189500;17
keras_engine_input_layer.py;SimpleId;962112;1081445;1334351;1395000;2652830;1
youtube_dl_YoutubeDL.py;SimpleId;207392251;211329501;217501632;226516631;264329671;29
pandas__testing.py;SimpleId;7703496;7997020;8745698;21212777;37928737;8
black.py;SimpleId;27355858;28877167;30382901;31982525;41008905;22
pandas_core_dtypes_dtypes.py;SimpleId;6700267;6953402;9212285;9463897;16321022;12
tqdm__tqdm.py;SimpleId;28418581;32861316;33482863;33511251;39793809;2
pandas_core_indexes_period.py;SimpleId;29208232;37009654;39329840;41990623;44078549;1
pandas_core_frame.py;SimpleId;73517200;76667805;79734852;83624223;109636294;28
pandas_io_json__json.py;SimpleId;7962696;9380647;9448550;12022881;17707554;1
examples_userdemo_colormap_normalizations.py;SimpleId;803760;886503;1035181;1226143;3421803;2
spacy_errors.py;SimpleId;2734729;2895030;4518695;6608913;8045584;1
pandas_core_window_common.py;SimpleId;1216191;1456452;1537158;1576182;6843704;2
luigi_worker.py;SimpleId;6012391;7115850;7285355;11041786;16222128;35
pandas_io_parsers.py;SimpleId;16909644;18736074;19083422;19914854;47392312;4
pandas_core_indexing.py;SimpleId;27268412;30154772;32340481;37097007;45205481;2
pandas_core_arrays_categorical.py;SimpleId;88517704;91217958;97044630;113913591;125722908;22
pandas_tests_extension_base_reshaping.py;SimpleId;3811257;6275366;8155469;18841937;21326000;1
scrapy_log.py;SimpleId;309103;322178;345316;401411;979081;126
scrapy_cmdline.py;SimpleId;477887;495204;511438;539313;2108866;1
youtube_dl_utils.py;SimpleId;13233589;14214141;15623397;16071697;25076287;6
keras_engine_training_utils.py;SimpleId;1987473;2311057;2792230;2983816;4505911;24
tqdm__tqdm.py;SimpleId;36958084;43505777;45054293;46079539;46300639;4
pandas_core_indexes_datetimes.py;SimpleId;50714108;54302489;56894673;59943854;68882269;1
pandas_core_indexing.py;SimpleId;20608069;23926548;24628057;26867520;33992525;3
keras_engine_training.py;SimpleId;119541115;123386576;123597679;134650454;154430496;34
pandas_tests_extension_base_methods.py;SimpleId;3445207;4039301;4515046;8080273;10182149;1
pandas_core_groupby_generic.py;SimpleId;58247273;58908474;66229254;75320894;82894095;1
youtube_dl_YoutubeDL.py;SimpleId;155765078;159900501;160258767;169972997;175779143;6
youtube_dl_extractor_facebook.py;SimpleId;962973;1002202;1023721;1027866;2973382;6
lib_ansible_module_utils_common_validation.py;SimpleId;935464;945264;1076452;1079389;3873571;4
pandas_core_indexes_timedeltas.py;SimpleId;5621023;7876449;10070875;10461833;11335641;7
tests_keras_backend_backend_test.py;SimpleId;260402020;262220418;262830220;269483639;297439095;211
scrapy_utils_signal.py;SimpleId;334181;343984;364018;429139;894595;5
keras_engine_training_utils.py;SimpleId;1546177;3183125;3359163;5985156;11246753;2
scrapy_http_request___init__.py;SimpleId;1012019;1176677;1324646;1592107;1710885;5
pandas_core_groupby_ops.py;SimpleId;13752221;15343949;18402546;28166069;34647835;3
youtube_dl_utils.py;SimpleId;10292649;13407197;14239668;18626293;28281633;4
test_cmdline_test.py;SimpleId;891396;926865;936981;998119;2751475;4
scrapy_crawler.py;SimpleId;849781;1045916;1203971;1321999;2884625;10
luigi_interface.py;SimpleId;1104990;1184521;1352694;1670479;7303479;1
scrapy_downloadermiddlewares_redirect.py;SimpleId;670919;804565;829434;974258;2155703;2
lib_matplotlib_text.py;SimpleId;48142772;55398343;59252856;60396355;71462035;2
pandas_core_indexes_multi.py;SimpleId;49099203;50563438;50810678;51784788;67169522;0
pandas_core_generic.py;SimpleId;140910637;141619699;143717904;147003877;184572400;1
lib_ansible_galaxy_collection.py;SimpleId;8912627;11104669;11871915;15489544;22306905;11
pandas_core_groupby_groupby.py;SimpleId;42784256;43571627;49505134;50765303;55494023;14
pandas_core_arrays_categorical.py;SimpleId;10607862;10787497;16502569;19209005;21148095;5
lib_matplotlib_axis.py;SimpleId;69396013;69908596;70986678;72283185;94991394;1
lib_matplotlib_backend_bases.py;SimpleId;38697181;39339926;39598065;40407713;56413284;4
youtube_dl_extractor_metacritic.py;SimpleId;262841;277483;291916;345094;588340;2
youtube_dl_utils.py;SimpleId;12114519;12734246;15475452;36274295;54426726;1
black.py;SimpleId;64211304;65158885;65529511;68023812;97466255;13
scrapy_utils_response.py;SimpleId;223593;236762;285239;288525;789393;5
pandas_core_arrays_datetimes.py;SimpleId;26385275;29827869;30545761;32221573;41714005;4
thefuck_rules_no_command.py;SimpleId;108734;111248;126119;137296;314867;8
lib_matplotlib_axes__base.py;SimpleId;56173065;59519634;65436950;66103414;89395677;2
youtube_dl_extractor_npo.py;SimpleId;581805;747515;804651;892853;2207585;5
pandas_core_reshape_melt.py;SimpleId;1566705;1622793;1953298;1963593;4214817;5
pandas_core_indexes_base.py;SimpleId;181989181;184245648;185318206;187025145;213981927;8
scrapy_http_cookies.py;SimpleId;753826;844111;979144;1002183;1748636;10
spacy_cli_converters_conllu2json.py;SimpleId;859153;907102;1065089;2050157;2898783;4
youtube_dl_utils.py;SimpleId;32486755;33295750;34269129;35047650;52015570;3
thefuck_shells_fish.py;SimpleId;311610;311638;347914;360197;829422;29
luigi_scheduler.py;SimpleId;60578834;61767182;65405487;65908184;70643292;2
pandas_tests_arrays_test_boolean.py;SimpleId;60117385;79982878;82293299;87882673;91779151;1442
cookiecutter_generate.py;SimpleId;1651949;1838970;2431094;2482184;3741947;15
scrapy_contracts___init__.py;SimpleId;896037;920491;932467;942582;2625874;2
pandas_core_construction.py;SimpleId;1994585;2245486;2971769;3649428;4316111;3
pandas_core_indexes_range.py;SimpleId;7888185;12765701;17240138;19746665;32029051;3
keras_layers_wrappers.py;SimpleId;3548010;4328853;4557972;8397203;14238301;2
fastapi_routing.py;SimpleId;18882570;23142227;26471545;29116404;29290391;13
youtube_dl_YoutubeDL.py;SimpleId;44179174;44957448;48084480;48115852;82348833;2
pandas_core_indexes_datetimelike.py;SimpleId;19071789;20779823;22388686;23383788;26773648;9
pysnooper_tracer.py;SimpleId;1380695;1967495;2946793;4430054;7033884;4
pandas_tseries_offsets.py;SimpleId;42482124;42671373;45452445;47472980;66275651;5
scrapy_crawler.py;SimpleId;655478;668222;675036;715115;2545490;2
pandas_core_groupby_groupby.py;SimpleId;10993812;16510105;44750566;52745831;56813970;11
pandas_core_series.py;SimpleId;104604232;108474504;108794219;109623435;121450442;5
youtube_dl_utils.py;SimpleId;47862727;49616555;51428247;51508164;78896464;1
scrapy_downloadermiddlewares_robotstxt.py;SimpleId;933123;951252;1106466;1279419;3424985;11
pandas_core_series.py;SimpleId;5864908;6016503;9235109;9509317;19185197;0
lib_ansible_module_utils_network_eos_config_vlans_vlans.py;SimpleId;458475;512922;717731;950829;1884039;2
pandas__testing.py;SimpleId;23715783;28068189;30066755;33377647;41128022;13
keras_utils_data_utils.py;SimpleId;4199216;4879218;7165825;7566193;10936168;1
tqdm_utils.py;SimpleId;1503796;1987902;2910226;2929280;3172824;11
keras_backend_tensorflow_backend.py;SimpleId;37642230;39805014;41932635;47363460;68875085;44
pandas_core_reshape_reshape.py;SimpleId;12697454;15949295;16072270;16420597;20739964;5
pandas_core_reshape_merge.py;SimpleId;8690021;13045008;13767611;14219761;22043243;6
black.py;SimpleId;49017460;50099263;50688611;54222098;65697810;366
thefuck_shells_zsh.py;SimpleId;238374;246186;275966;285998;714999;3
black.py;SimpleId;51100329;51362924;52377981;52603371;76866662;6
sanic_app.py;SimpleId;6948564;9630218;24284168;25863200;47737215;1
scrapy_core_engine.py;SimpleId;5770481;6130457;10028865;11301311;11475498;67
lib_ansible_plugins_lookup_env.py;SimpleId;80474;97197;103231;110997;269198;6
luigi_server.py;SimpleId;1158896;1167035;1678850;2647533;5165494;11
pandas_core_indexes_base.py;SimpleId;269077019;275623681;281692760;283529129;312204653;4
thefuck_rules_git_branch_exists.py;SimpleId;115932;120386;125842;148786;337831;6
pandas_io_formats_excel.py;SimpleId;6720716;11471458;11489133;13426883;15611509;2
maint_test_appengine_py27_tornado_platform_asyncio.py;SimpleId;1218503;1332624;1616152;2711405;2772250;2
pandas_core_indexes_accessors.py;SimpleId;1188608;1438972;1484368;1583751;5867995;10
pandas_io_stata.py;SimpleId;73787083;89683345;96855081;98585162;120530945;1
pandas_tests_indexes_timedeltas_test_timedelta.py;SimpleId;2173776;2227477;2418820;2862178;9171122;1
youtube_dl_utils.py;SimpleId;46320950;48222066;48953397;49338448;71852297;1
pandas_plotting__matplotlib_core.py;SimpleId;15260899;15299496;15631378;18322426;29654568;6
pandas_core_series.py;SimpleId;117107269;118170144;118747523;120372359;133274728;13
lib_matplotlib_axes__axes.py;SimpleId;143171921;143643414;153216831;248785659;391821844;7
black.py;SimpleId;87776996;88242841;90027950;91820528;139228924;11
pandas_tests_reshape_test_cut.py;SimpleId;5364696;6251888;9101803;10677144;14190988;1
pandas_core_reshape_tile.py;SimpleId;2217441;2305452;2984997;3734789;7510883;5
keras_layers_wrappers.py;SimpleId;5753143;6721199;7067385;7976341;15096960;23
luigi_contrib_hadoop_jar.py;SimpleId;705929;1017474;1215862;1255004;1575222;5
keras_backend_tensorflow_backend.py;SimpleId;45284167;45507487;46661960;47996343;67837626;2
pandas_core_arrays_datetimelike.py;SimpleId;11330371;40433840;43579331;44698059;59951037;1
pandas_core_internals_concat.py;SimpleId;2224623;4733080;5222170;6701316;7448979;3
thefuck_shells_fish.py;SimpleId;668574;714902;727556;899341;1664786;5
keras_engine_network.py;SimpleId;35117329;35931905;37043538;38649376;51118207;25
scrapy_responsetypes.py;SimpleId;603770;629794;633381;652601;1325753;2
fastapi_dependencies_utils.py;SimpleId;5258118;5967933;6676351;9201772;14524458;5
scrapy_utils_url.py;SimpleId;414977;486073;516057;522748;1892177;40
sanic_request.py;SimpleId;3667058;3782242;8842354;8999437;11200646;5
pandas_core_strings.py;SimpleId;48681667;48716328;51670972;53098756;65470403;18
pandas_core_indexes_interval.py;SimpleId;55679286;56150974;58111890;59828859;72313929;10
keras_initializers.py;SimpleId;2629935;2669350;2678862;2743254;5054331;34
scrapy_spidermiddlewares_offsite.py;SimpleId;479121;526357;527756;555540;935322;17
pandas_core_indexes_range.py;SimpleId;8344704;14350682;15519737;24883122;37765474;10
pandas_core_internals_blocks.py;SimpleId;42794627;46274945;50735076;50874350;65260871;1
pandas_core_window_rolling.py;SimpleId;26998614;27823473;29926710;36869669;40706409;4
pandas_core_reshape_pivot.py;SimpleId;5506740;7944575;8295782;12716656;13620862;3
keras_backend_cntk_backend.py;SimpleId;19082442;43973748;46049031;49777038;74336880;2
spacy_errors.py;SimpleId;872524;1244589;1393591;2214083;4668453;5
lib_ansible_galaxy_collection.py;SimpleId;17371830;19649237;23420539;25528067;32740321;1
thefuck_rules_git_push.py;SimpleId;113955;120065;215767;458063;514782;1
lib_matplotlib_axes__axes.py;SimpleId;152682404;232211304;337571391;353293272;369108273;2
pandas_tests_indexes_common.py;SimpleId;47843947;50790471;52517769;54286535;60880555;2
pandas_tests_resample_test_datetime_index.py;SimpleId;32391633;33270036;33518207;35221446;51768093;2
thefuck_rules_sudo.py;SimpleId;47814;48883;53035;68379;253866;1
youtube_dl_utils.py;SimpleId;16104786;18025525;43004655;48765657;65946785;2
keras_backend_numpy_backend.py;SimpleId;14230963;14840223;14880667;16749868;22795464;1
maint_test_appengine_py27_tornado_websocket.py;SimpleId;18625518;22387230;22594564;22697840;32014658;6
lib_ansible_module_utils_facts_hardware_linux.py;SimpleId;27656298;29910569;31053146;31619277;38409087;4
pandas_core_generic.py;SimpleId;94463263;96326216;109051840;178027723;271008523;2
pandas_core_strings.py;SimpleId;11730012;18530549;24420368;25308100;42743873;1
pandas_core_groupby_grouper.py;SimpleId;5695606;7380819;10782036;12344566;15678882;5
lib_matplotlib_backend_bases.py;SimpleId;44638836;44748028;46009742;49122274;61185417;123
youtube_dl_YoutubeDL.py;SimpleId;160389592;161599878;162112249;174737874;179084492;2
youtube_dl_extractor_common.py;SimpleId;232858216;239509000;253400058;255850084;264245683;8
youtube_dl_extractor_clipsyndicate.py;SimpleId;384181;623132;682599;726881;1456804;3
lib_ansible_cli_galaxy.py;SimpleId;65082718;66887044;69543842;71218073;78367507;6
keras_optimizers.py;SimpleId;8067796;13297164;13987893;15068015;20792927;2
scrapy_downloadermiddlewares_robotstxt.py;SimpleId;478635;506469;521964;688662;1505427;5
tqdm__tqdm.py;SimpleId;22025301;32602806;33246413;33985565;43633478;3
pandas_core_indexes_period.py;SimpleId;28836130;35748110;36872015;39102407;41490414;19
scrapy_core_scraper.py;SimpleId;5835350;5995608;8325337;9058971;13017637;18
pandas_core_arrays_datetimes.py;SimpleId;16282348;29021020;30573167;31749345;38089177;13
pandas_core_indexes_api.py;SimpleId;569158;674780;685211;1012169;1491115;11
scrapy_utils_datatypes.py;SimpleId;879956;1080796;1276765;1845252;4568788;4
cookiecutter_exceptions.py;SimpleId;14686;17562;18695;30148;150052;1
lib_matplotlib_transforms.py;SimpleId;32472178;34463235;35537726;35932783;50455061;1
pandas_core_groupby_ops.py;SimpleId;7629456;10378212;10931483;13358139;17318873;1
thefuck_rules_git_push.py;SimpleId;124240;127724;132275;162630;392174;5
pandas_core_series.py;SimpleId;120974673;121993136;124255159;127892074;142339889;1
keras_callbacks.py;SimpleId;15384869;15848969;17013089;18043310;24220194;11
pysnooper_pycompat.py;SimpleId;47970;49357;56856;81710;374862;1
scrapy_downloadermiddlewares_redirect.py;SimpleId;683907;748710;784312;784517;1904895;4
black.py;SimpleId;36947383;37725823;38286726;38320371;56720026;1
pandas_tseries_offsets.py;SimpleId;35147937;37733974;38467519;39942045;58497647;6
pandas_core_internals_blocks.py;SimpleId;81053638;81928990;82459953;82854501;96266892;1
pandas_core_arrays_categorical.py;SimpleId;21435456;23502918;25829164;26349837;37150742;5
pandas_tests_indexing_test_partial.py;SimpleId;30111951;37279120;40193331;44219726;46592575;1
scrapy_http_response___init__.py;SimpleId;724111;830629;930711;956801;2097791;2
tqdm__tqdm.py;SimpleId;32433427;35909007;45972308;46324327;46370425;2
pandas_tests_series_test_timeseries.py;SimpleId;77813707;92387303;93593504;94030478;98251111;1
youtube_dl_utils.py;SimpleId;16036467;16127145;18470405;21956267;67151248;2
pandas_core_frame.py;SimpleId;253919409;264318333;265731004;282032845;368063678;1
youtube_dl_YoutubeDL.py;SimpleId;42442854;43716863;49618921;72330759;207242252;9
tornado_httpclient.py;SimpleId;1761048;2242396;2577034;2839234;6769352;12
pandas_core_reshape_reshape.py;SimpleId;12426028;13722550;13725112;14550393;23992185;2
pandas_core_dtypes_missing.py;SimpleId;3877454;3909871;4594020;7988297;8759672;76
luigi_parameter.py;SimpleId;5577393;5923213;6060198;8915640;9330090;23
sanic_log.py;SimpleId;183283;189156;198818;236681;462288;1
maint_test_appengine_py27_tornado_web.py;SimpleId;40247217;41517910;42177584;42385521;58797880;4
pandas_core_window_rolling.py;SimpleId;5967971;9409390;17722045;19604949;30474252;4
pandas_core_frame.py;SimpleId;400890131;413766898;419043325;421899242;429505790;25
thefuck_rules_fix_file.py;SimpleId;71445;76882;84580;105738;357228;11
black.py;SimpleId;57400353;57739426;59097683;59322409;89752006;19
keras_engine_sequential.py;SimpleId;1725892;1904550;1980439;2088116;2987766;25
youtube_dl_utils.py;SimpleId;38808757;38966232;39663213;39790251;61614698;3
pandas_core_indexes_datetimelike.py;SimpleId;27831841;28361519;33118748;36767576;39098566;76
thefuck_shells_zsh.py;SimpleId;222568;224952;241900;281418;646010;3
black.py;SimpleId;57925423;59537036;59627231;63499572;94466176;19
lib_ansible_modules_network_eos_eos_eapi.py;SimpleId;1032492;2069496;2902612;3080371;4134178;3
scrapy_utils_request.py;SimpleId;336353;409229;417853;427002;774936;3
examples_userdemo_colormap_normalizations_symlognorm.py;SimpleId;139748;144461;156242;182381;458911;2
keras_callbacks.py;SimpleId;16189780;17023493;17613758;20248083;27676376;7
pandas_core_indexes_timedeltas.py;SimpleId;1891311;2463409;3239963;3342591;4785225;3
youtube_dl_YoutubeDL.py;SimpleId;46773003;65740824;154446707;154817601;169830907;5
pandas_core_reshape_merge.py;SimpleId;35926478;37278108;39386066;39525504;51451222;1
pandas_core_computation_expressions.py;SimpleId;682061;712262;718259;825544;2959923;6
pandas_tests_arithmetic_conftest.py;SimpleId;515596;536577;563650;797967;2074917;1
pandas_core_nanops.py;SimpleId;14957693;15106290;15222739;17352607;22838483;16
pandas_core_internals_blocks.py;SimpleId;82291207;84904434;86312317;93262023;107567931;1
pandas_core_indexes_datetimes.py;SimpleId;2936459;4100022;5368747;8468679;20144292;10
luigi_scheduler.py;SimpleId;18051396;19058494;21553639;26573149;32151648;1
keras_models.py;SimpleId;2603498;2978822;3739590;4293064;4531278;10
scrapy_http_request_form.py;SimpleId;642733;711973;1073853;2023360;2669463;5
pandas_core_missing.py;SimpleId;2137939;3229942;4338409;4343137;9726045;11
spacy_util.py;SimpleId;5736867;7506484;8860813;10660432;15314001;3
maint_test_appengine_py27_tornado_http1connection.py;SimpleId;8282331;10379817;13065229;16008711;18258403;4
pandas_core_indexes_base.py;SimpleId;152065693;173207944;177040652;179844111;195450129;3
thefuck_types.py;SimpleId;1519277;1525130;1578329;1693374;3921102;104
keras_engine_training.py;SimpleId;210671563;211273267;214399257;215841247;218418871;20
blib2to3_pygram.py;SimpleId;33073;34462;39561;49236;218264;5
luigi_file.py;SimpleId;1005695;1057092;1134748;1179237;2035646;1
pandas_core_indexes_base.py;SimpleId;75261801;77373174;207159239;208872433;232919636;2
pandas_core_window_rolling.py;SimpleId;16521905;17316857;20630524;23599258;25621829;6
luigi_scheduler.py;SimpleId;19906126;20073391;25864025;26219623;39095893;5
test_retcodes_test.py;SimpleId;834819;852594;894349;1818989;1864129;2
pandas_core_window_rolling.py;SimpleId;26540071;27431709;28262464;29428687;39462172;8
luigi_scheduler.py;SimpleId;54259152;55622275;65973280;69292606;79512525;1
thefuck_shells_bash.py;SimpleId;353544;371911;372719;585827;752271;18
pandas_core_internals_blocks.py;SimpleId;64199080;74081599;76538557;79506337;89010079;18
keras_backend_theano_backend.py;SimpleId;43001394;44245693;44407990;45030218;65619268;1
pandas_core_indexes_category.py;SimpleId;6806167;8723450;11762052;14086635;17399438;2
pandas_core_arrays_string_.py;SimpleId;1739167;2101918;2610840;4203539;5463433;5
lib_matplotlib_axes__axes.py;SimpleId;240198025;240842597;241140729;241889583;269781082;24
black.py;SimpleId;31882992;33105665;33495234;35952427;50299087;2
pandas_core_internals_blocks.py;SimpleId;53531060;54195868;56048467;56225481;75961121;1
keras_layers_convolutional.py;SimpleId;21888198;26348972;29510157;32552950;48109761;23
pandas_core_reshape_concat.py;SimpleId;5820455;5885281;6892404;8944349;16882591;9
scrapy_pipelines_files.py;SimpleId;6285496;7728544;8935528;9614335;9630293;6
pandas_tests_groupby_aggregate_test_aggregate.py;SimpleId;17713593;18415878;20168589;20885117;28976654;1
pandas_core_internals_managers.py;SimpleId;21445941;26671053;28488932;105117963;114130782;2
keras_utils_conv_utils.py;SimpleId;341072;358280;366977;574776;1068417;5
keras_layers_recurrent.py;SimpleId;34384992;35940065;35953637;37940029;50924196;12
luigi_scheduler.py;SimpleId;14881619;16311914;16386992;18820781;25158555;1
pandas_core_dtypes_cast.py;SimpleId;13714584;16907847;16921298;17057151;23989670;4
lib_matplotlib_transforms.py;SimpleId;33963880;34730464;34870804;34984781;50590739;1
pandas_core_indexing.py;SimpleId;13461546;17090711;18716834;18954454;25680477;2
pandas_core_window.py;SimpleId;28793825;29918959;30248199;31514845;42350861;7
pandas_core_dtypes_dtypes.py;SimpleId;7575945;9316935;11414360;11922375;20513729;2
pandas_tests_indexing_test_scalar.py;SimpleId;4439045;4901424;5286216;8269242;11458317;15
pandas_core_frame.py;SimpleId;82910843;87884414;214953659;220340317;246674000;8
pandas_core_reshape_reshape.py;SimpleId;10758722;11722041;13121894;16718191;22529863;1
tornado_ioloop.py;SimpleId;6679079;7652472;8882266;10787361;22096948;3
maint_test_appengine_py27_tornado_ioloop.py;SimpleId;3720409;6577038;8565855;11168243;15807048;2
maint_test_appengine_py27_tornado_ioloop.py;SimpleId;5995429;7120883;8376141;9230172;11162400;1
pandas_core_indexes_category.py;SimpleId;7180202;10502119;11624406;11724885;19130655;5
blib2to3_pgen2_driver.py;SimpleId;1483827;1756223;1784990;2807129;4118337;13
thefuck_shells_fish.py;SimpleId;507861;525130;527524;731351;1741269;25
fastapi_routing.py;SimpleId;5648006;6459086;7767037;10205715;19903352;2
pandas_core_apply.py;SimpleId;3807125;3955661;4029895;5745061;7560465;19
pandas_core_ops_array_ops.py;SimpleId;1007829;1199541;1608962;1732297;6833372;6
tests_test_cmdline___init__.py;SimpleId;197632;207606;225991;244020;616670;18
scrapy_utils_misc.py;SimpleId;487917;543329;544896;728309;1339256;21
fastapi_routing.py;SimpleId;5336940;5379813;7256884;10287057;11898632;3
pandas_core_arrays_categorical.py;SimpleId;69414510;70535950;71275524;72951585;86207782;4
pandas_tests_indexes_interval_test_indexing.py;SimpleId;8183171;8760973;10325880;12815077;16796243;4
black.py;SimpleId;56651648;56651911;57347913;60700766;86506935;6
pandas_core_frame.py;SimpleId;151871356;154703440;158711165;165798621;173060016;8
pandas_core_arrays_integer.py;SimpleId;4934818;7649420;9352535;12324160;14682355;6
lib_matplotlib_text.py;SimpleId;52181336;52830802;53567335;64168450;68510869;16
lib_matplotlib_tight_layout.py;SimpleId;911423;1799895;1803719;2385420;4426546;2
keras_applications_imagenet_utils.py;SimpleId;1622258;1795715;1865490;1885067;3518618;1
keras_backend_tensorflow_backend.py;SimpleId;19071567;19878894;20175056;20244554;27586912;19
youtube_dl_utils.py;SimpleId;14806858;17448477;17514482;18655763;27965132;1
setup.py;SimpleId;342761;456100;503419;645251;963525;2
luigi_scheduler.py;SimpleId;18816438;24174989;25307787;35669017;40968184;2
lib_ansible_module_utils_facts_hardware_linux.py;SimpleId;16939264;26313468;31821878;33606882;35288236;2
scrapy_exporters.py;SimpleId;2042677;2103218;2318447;3137349;4914770;12
lib_matplotlib_colors.py;SimpleId;23079233;23759806;28999904;29255087;40313350;24
youtube_dl_extractor_mtv.py;SimpleId;658765;688171;724971;777131;1918251;4
pandas_core_indexing.py;SimpleId;18041545;18376977;18387835;19452952;28612301;8
pandas_core_internals_blocks.py;SimpleId;227690368;231604203;248822399;264557575;276173305;39
luigi_contrib_hive.py;SimpleId;1487801;1824243;2029109;2544389;5706025;2
